{"new_edits": false, "docs": {"Adelaide": [109, 1376601, 150408.06350848085, 150408.06350848085], "Brisbane": [236, 2560720, 404789.8320010267, 404789.8320010267], "Melbourne": [309, 5159211, 738853.5881819129, 738853.5881819129], "Sydney": [312, 5367206, 946894.6702143763, 946894.6702143763]}}