{"new_edits": false, "docs": [{"city": "Melbourne", "abs_job": [9, 4033.833, 242627], "abs_population": [309, 5159211, 738853.5881819129], "dese_unemploy": [256, 1311.9], "dss_payment": 117313, "ndia_number": 72314, "sgsep_rai": [238, 29500.09843, 30251.483189999995, 31593.623300000003, 31538.1573], "unsw_rental": 479179, "crime": 916, "disabled": 25, "income": 103, "rant": 21}, {"city": "Sydney", "abs_job": [15, 4295.407, 449900.5], "abs_population": [312, 5367206, 946894.6702143762], "dese_unemploy": [240, 1213.3], "dss_payment": 115159, "ndia_number": 68439, "sgsep_rai": [246, 28021.130449999997, 30282.74901, 30436.63811, 30376.101889999998], "unsw_rental": 560063, "crime": 986, "disabled": 31, "income": 167, "rant": 79}, {"city": "Adelaide", "abs_job": [4, 1018.2189999999999, 112910.5], "abs_population": [109, 1376601, 150408.06350848082], "dese_unemploy": [101, 556.4999976158142], "dss_payment": 48227, "ndia_number": 27887, "sgsep_rai": [114, 12787.2518, 13011.899139999998, 12707.13148, 12571.09375], "unsw_rental": 144310, "crime": 483, "disabled": 9, "income": 15, "rant": 2}, {"city": "Brisbane", "abs_job": [9, 2002.817, 256574.0], "abs_population": [236, 2560720, 404789.8320010267], "dese_unemploy": [227, 1181.5], "dss_payment": 68867, "ndia_number": 34139, "sgsep_rai": [158, 19079.309610000004, 19472.908499999998, 19248.0069, 18806.99559], "unsw_rental": 275477, "crime": 206, "crime_suburb": 152, "disabled": 57, "income": 29, "news_time_line": 979, "rant": 13}]}