{"new_edits": false, "docs": {"Adelaide": [114, 12787.2518, 13011.899139999998, 12707.13148, 12571.09375], "Brisbane": [158, 19079.309610000004, 19472.908499999998, 19248.0069, 18806.99559], "Melbourne": [238, 29500.09843, 30251.483189999995, 31593.623300000003, 31538.1573], "Sydney": [246, 28021.130449999997, 30282.74901, 30436.63811, 30376.101889999998]}}